[{"name":"Global","settings":[{"type":"color","label":"Primary color","id":"color-primary"},{"type":"color","label":"Page background color","id":"body-bg"},{"type":"color","label":"Common light border","id":"container-border-global-color-base"},{"type":"color","label":"Common dark border","id":"container-border-global-color-dark"},{"type":"color","label":"Common light background","id":"container-fill-base"},{"type":"color","label":"Common dark background","id":"container-fill-dark"},{"type":"heading","content":"Loading indicators"},{"type":"color","label":"Pace bar color","id":"pace-progress-backgroundColor"},{"type":"color","label":"Spinner light half","id":"spinner-borderColor-light"},{"type":"color","label":"Spinner dark half","id":"spinner-borderColor-dark"},{"type":"heading","content":"Overlays"},{"type":"color","label":"Modal overlay background color","id":"overlay-backgroundColor"},{"type":"color","label":"Loading overlay background color","id":"loadingOverlay-backgroundColor"}]},{"name":"Typography & Icons","settings":[{"type":"heading","content":"Logo"},{"type":"font","label":"Font family","id":"logo-font","options":[{"group":"Raleway","label":"Raleway Light","value":"Google_Raleway_300"},{"group":"Raleway","label":"Raleway Normal","value":"Google_Raleway_normal"},{"group":"Raleway","label":"Raleway Bold","value":"Google_Raleway_800"},{"group":"Montserrat","label":"Montserrat","value":"Google_Montserrat_400"},{"group":"Oswald","label":"Oswald","value":"Google_Oswald_400"},{"group":"Oswald","label":"Oswald Light","value":"Google_Oswald_300"}]},{"type":"heading","content":"Body text"},{"type":"font","label":"Font family","id":"body-font","options":[{"group":"Raleway","label":"Raleway Light","value":"Google_Raleway_300"},{"group":"Raleway","label":"Raleway Normal","value":"Google_Raleway_normal"},{"group":"Raleway","label":"Raleway Bold","value":"Google_Raleway_800"},{"group":"Montserrat","label":"Montserrat","value":"Google_Montserrat_400"},{"group":"Roboto","label":"Roboto","value":"Google_Roboto_400"},{"group":"Source Sans Pro","label":"Source Sans Pro","value":"Google_Source+Sans+Pro_400"}]},{"type":"select","label":"Font size","id":"fontSize-root","options":[{"value":12,"label":"12px"},{"value":13,"label":"13px"},{"value":14,"label":"14px"},{"value":16,"label":"16px"},{"value":18,"label":"18px"}]},{"type":"heading","content":"Headings"},{"type":"font","label":"Font family","id":"headings-font","options":[{"group":"Raleway","label":"Raleway Light","value":"Google_Raleway_300"},{"group":"Raleway","label":"Raleway Normal","value":"Google_Raleway_normal"},{"group":"Raleway","label":"Raleway Bold","value":"Google_Raleway_800"},{"group":"Montserrat","label":"Montserrat","value":"Google_Montserrat_400"},{"group":"Open Sans","label":"Open Sans","value":"Google_Open+Sans_400"},{"group":"Open Sans","label":"Open Sans Bold","value":"Google_Open+Sans_700"},{"group":"Roboto","label":"Roboto","value":"Google_Roboto_400"},{"group":"Volkhov","label":"Volkhov","value":"Google_Volkhov_400"}]},{"type":"select","label":"Font size <h1>","id":"fontSize-h1","options":[{"value":20,"label":"20px"},{"value":22,"label":"22px"},{"value":24,"label":"24px"},{"value":26,"label":"26px"},{"value":28,"label":"28px"},{"value":32,"label":"32px"},{"value":36,"label":"36px"}]},{"type":"select","label":"Font size <h2>","id":"fontSize-h2","options":[{"value":16,"label":"16px"},{"value":18,"label":"18px"},{"value":20,"label":"20px"},{"value":22,"label":"22px"},{"value":24,"label":"24px"},{"value":26,"label":"26px"},{"value":28,"label":"28px"},{"value":30,"label":"30px"}]},{"type":"select","label":"Font size <h3>","id":"fontSize-h3","options":[{"value":14,"label":"14px"},{"value":16,"label":"16px"},{"value":18,"label":"18px"},{"value":20,"label":"20px"},{"value":22,"label":"22px"}]},{"type":"select","label":"Font size <h4>","id":"fontSize-h4","options":[{"value":16,"label":"16px"},{"value":18,"label":"18px"},{"value":20,"label":"20px"},{"value":24,"label":"24px"},{"value":28,"label":"28px"}]},{"type":"select","label":"Font size <h5>","id":"fontSize-h5","options":[{"value":11,"label":"11px"},{"value":12,"label":"12px"},{"value":13,"label":"13px"},{"value":14,"label":"14px"},{"value":15,"label":"15px"},{"value":16,"label":"16px"},{"value":17,"label":"17px"},{"value":18,"label":"18px"}]},{"type":"select","label":"Font size <h6>","id":"fontSize-h6","options":[{"value":9,"label":"9px"},{"value":11,"label":"11px"},{"value":13,"label":"13px"},{"value":17,"label":"17px"},{"value":21,"label":"21px"}]},{"type":"heading","content":"Text colors"},{"type":"color","label":"Text color","id":"color-textBase"},{"type":"color","label":"Text hover color","id":"color-textBase--hover"},{"type":"color","label":"Secondary text color","id":"color-textSecondary"},{"type":"color","label":"Secondary text hover color","id":"color-textSecondary--hover"},{"type":"color","label":"Headings text color","id":"color-textHeading"},{"type":"heading","content":"Link colors"},{"type":"color","label":"Link color","id":"color-textLink"},{"type":"color","label":"Link hover color","id":"color-textLink--hover"},{"type":"color","label":"Link active color","id":"color-textLink--active"},{"type":"heading","content":"Icon colors"},{"type":"color","label":"Icon color","id":"icon-color"},{"type":"color","label":"Icon hover color","id":"icon-color-hover"},{"type":"color","label":"Rating empty icon color","id":"icon-ratingEmpty"},{"type":"color","label":"Rating full icon color","id":"icon-ratingFull"},{"type":"color","label":"Button icon color","id":"button--icon-svg-color"}]},{"name":"Logo","settings":[{"type":"imageDimension","label":"Logo size","id":"logo_size","description":"Please specify a maximum image size for desktop display. We'll automatically scale down the image for smaller devices.","force_reload":true,"options":[{"value":"original","label":"Original (as uploaded)"},{"value":"250x100","label":"Optimized for theme"},{"value":"custom","label":"Specify dimensions"}]}]},{"name":"Header","settings":[{"type":"color","label":"Store name text color","id":"storeName-color"},{"type":"color","label":"Background color","id":"header-backgroundColor"},{"type":"heading","content":"User navigation"},{"type":"color","label":"Text color","id":"navUser-color"},{"type":"color","label":"Text hover color","id":"navUser-color-hover"},{"type":"color","label":"Dropdown background color","id":"navUser-dropdown-backgroundColor"},{"type":"color","label":"Dropdown border color","id":"navUser-dropdown-borderColor"},{"type":"color","label":"Cart counter background color","id":"navUser-indicator-backgroundColor"},{"type":"heading","content":"Page navigation"},{"type":"color","label":"background color","id":"background-nav-color"},{"type":"color","label":"Navigation border color","id":"nav-border-color"},{"type":"color","label":"Navigation bottom border color","id":"bottom-nav-border-color"},{"type":"color","label":"Text color","id":"navPages-color"},{"type":"color","label":"Text hover color","id":"navPages-color-hover"},{"type":"color","label":"Dropdown background color","id":"navPages-subMenu-backgroundColor"},{"type":"color","label":"Subcategory","id":"submenu-heading"},{"type":"color","label":"Category Separator color","id":"navPages-subMenu-separatorColor"},{"type":"color","label":"Dropdown border color","id":"navPages-subMenu-border"},{"type":"color","label":"Dropdown bottom border color","id":"navPages-subMenu-bottom-border"},{"type":"heading","content":"Quick search"},{"type":"color","label":"Background color","id":"dropdown--quickSearch-backgroundColor"},{"type":"color","label":"Button background color","id":"search-btn-backgroundColor"},{"type":"color","label":"Button icon color","id":"btn-icon-color"},{"type":"heading","content":"Cart"},{"type":"color","label":"Cart box border","id":"cart-box-border"},{"type":"color","label":"Cart box backgrond","id":"cart-box-background"},{"type":"color","label":"Cart icon color","id":"cart-icon-color"},{"type":"color","label":"Cart box text","id":"cart-text-color"},{"type":"color","label":"Checkout button","id":"checkout_btn_dropdown"},{"type":"color","label":"View Cart button","id":"cart_btn_dropdown"},{"type":"color","label":"Cart button text","id":"cart_btn_text"}]},{"name":"Home Slider","settings":[{"type":"color","label":"Title color","id":"carousel-title-color"},{"type":"color","label":"Description color","id":"carousel-description-color"},{"type":"color","label":"Indicator color","id":"carousel-dot-color"},{"type":"color","label":"Indicator active color","id":"carousel-dot-color-active"},{"type":"color","label":"Indicator background color","id":"carousel-dot-bgColor"},{"type":"color","label":"Arrow color","id":"carousel-arrow-color"},{"type":"color","label":"Arrow background color","id":"carousel-arrow-bgColor"},{"type":"color","label":"Button border color","id":"carousel-button-border-color"},{"type":"color","label":"Button text color","id":"carousel-button-text-color"}]},{"name":"Product Item","settings":[{"type":"heading","content":"Product Title"},{"type":"color","label":"Product title color","id":"card-title-color"},{"type":"color","label":"Product title hover color","id":"card-title-color-hover"},{"type":"heading","content":"Product Price"},{"type":"color","label":"Product Price color","id":"price-color"},{"type":"heading","content":"Cart Button"},{"type":"color","label":"Cart Button text color","id":"cart-btn-txt"},{"type":"color","label":"Cart Button background","id":"cart-btn-bg"},{"type":"color","label":"Cart Button Border","id":"cart-btn-border"},{"type":"color","label":"Cart Button hover","id":"cart-btn-hover"},{"type":"color","label":"Cart Button hover Border","id":"cart-btn-hover-border"},{"type":"color","label":"Cart Button hover Text","id":"cart-btn-hover-text"},{"type":"heading","content":"Quick View, Wishlist, Compare"},{"type":"color","label":"Icons background","id":"product-icon-bg"},{"type":"color","label":"Icons Hover","id":"product-icon-bg-hover"},{"type":"color","label":"Icons Text","id":"product-icon-bg-hover1"},{"type":"heading","content":"Product cards (Quick search)"},{"type":"color","label":"Background color","id":"card--alternate-backgroundColor"},{"type":"color","label":"Border color","id":"card--alternate-borderColor"},{"type":"color","label":"Text hover color","id":"card--alternate-color--hover"}]},{"name":"Hot Deal","settings":[{"type":"color","label":"Hot Label background","id":"hot-label-bg"},{"type":"color","label":"Hot Label Text","id":"hot-label-text"},{"type":"color","label":"Hot Deal Cart Button Background","id":"hot-cart-btn-bg"},{"type":"color","label":"Hot Deal Cart Button Text","id":"hot-cart-btn-txt"},{"type":"heading","content":"Countdown Timer"},{"type":"checkbox","label":"Show Timer","force_reload":true,"id":"show_timer"},{"type":"color","label":"Count Block Background","id":"timer-block"},{"type":"color","label":"Count Block Border","id":"timer-block-border"},{"type":"color","label":"Count Block Text","id":"timer-block-text"},{"type":"color","label":"Date Block background","id":"timer-days-bg"},{"type":"color","label":"Date Block Border","id":"timer-days-border"},{"type":"color","label":"Date Block Text","id":"timer-days-text"}]},{"name":"New Products","settings":[{"type":"heading","content":"New Products"},{"type":"checkbox","label":"Show New Products","force_reload":true,"id":"show_new_products"},{"type":"color","label":"New Products Heading","id":"color-new-pro"},{"type":"color","id":"color-new-pro1"},{"type":"select","label":"Number of New Products","id":"homepage_new_products_count","force_reload":true,"options":[{"value":0,"label":"Disable"},{"value":1,"label":"1"},{"value":2,"label":"2"},{"value":3,"label":"3"},{"value":4,"label":"4"},{"value":5,"label":"5"},{"value":6,"label":"6"},{"value":7,"label":"7"},{"value":8,"label":"8"},{"value":9,"label":"9"},{"value":10,"label":"10"},{"value":11,"label":"11"},{"value":12,"label":"12"}]}]},{"name":"Best Seller","settings":[{"type":"checkbox","label":"Show Best Seller","force_reload":true,"id":"show_best_seller"},{"type":"color","label":"Best Seller Background","id":"best-seller-bg"},{"type":"color","label":"Best Seller Heading","id":"color-best-seller"},{"type":"select","label":"Number of Most Popular Products","id":"homepage_top_products_count","force_reload":true,"options":[{"value":0,"label":"Disable"},{"value":1,"label":"1"},{"value":2,"label":"2"},{"value":3,"label":"3"},{"value":4,"label":"4"},{"value":5,"label":"5"},{"value":6,"label":"6"},{"value":7,"label":"7"},{"value":8,"label":"8"},{"value":9,"label":"9"},{"value":10,"label":"10"},{"value":11,"label":"11"},{"value":12,"label":"12"}]}]},{"name":"Featured Products","settings":[{"type":"checkbox","label":"Show Featured Products","force_reload":true,"id":"show_featured"},{"type":"color","label":"Featured Products Background","id":"featured-pro-bg"},{"type":"color","label":"Best Seller Heading","id":"color-featured-pro"},{"type":"select","label":"Number of Featured Products","id":"homepage_featured_products_count","force_reload":true,"options":[{"value":0,"label":"Disable"},{"value":1,"label":"1"},{"value":2,"label":"2"},{"value":3,"label":"3"},{"value":4,"label":"4"},{"value":5,"label":"5"},{"value":6,"label":"6"},{"value":7,"label":"7"},{"value":8,"label":"8"},{"value":9,"label":"9"},{"value":10,"label":"10"},{"value":11,"label":"11"},{"value":12,"label":"12"}]}]},{"name":"Home Banner","settings":[{"type":"color","label":"Header Text","id":"header-text-color"},{"type":"color","label":"Normal Text","id":"normal-text-color"},{"type":"color","label":"Line Color","id":"line-bg"}]},{"name":"Home Blog","settings":[{"type":"color","label":"Heading","id":"color-latest-blog"},{"type":"color","id":"color-latest-blog1"}]},{"name":"Buttons","settings":[{"type":"heading","content":"Primary button"},{"type":"color","label":"Text color","id":"button--primary-color"},{"type":"color","label":"Text hover color","id":"button--primary-colorHover"},{"type":"color","label":"Text active color","id":"button--primary-colorActive"},{"type":"color","label":"Background color","id":"button--primary-backgroundColor"},{"type":"color","label":"Background hover color","id":"button--primary-backgroundColorHover"},{"type":"color","label":"Background active color","id":"button--primary-backgroundColorActive"},{"type":"heading","content":"Default button"},{"type":"color","label":"Text color","id":"button--default-color"},{"type":"color","label":"Text hover color","id":"button--default-colorHover"},{"type":"color","label":"Button Background","id":"button--default-background"},{"type":"color","label":"Button Background Hover","id":"button--default-bgHover"},{"type":"color","label":"Text active color","id":"button--default-colorActive"},{"type":"color","label":"Border color","id":"button--default-borderColor"},{"type":"color","label":"Border hover color","id":"button--default-borderColorHover"},{"type":"color","label":"Border active color","id":"button--default-borderColorActive"},{"type":"heading","content":"Disabled button"},{"type":"color","label":"Text color","id":"button--disabled-color"},{"type":"color","label":"Background color","id":"button--disabled-backgroundColor"},{"type":"color","label":"Border color","id":"button--disabled-borderColor"}]},{"name":"Forms","settings":[{"type":"heading","content":"Labels"},{"type":"color","label":"Text color","id":"form-label-font-color"},{"type":"heading","content":"Input fields"},{"type":"color","label":"Text color","id":"input-font-color"},{"type":"color","label":"Background color","id":"input-bg-color"},{"type":"color","label":"Border color","id":"input-border-color"},{"type":"color","label":"Border active color","id":"input-border-color-active"},{"type":"color","label":"Disabled background color","id":"input-disabled-bg"},{"type":"heading","content":"Select boxes"},{"type":"color","label":"Background color","id":"select-bg-color"},{"type":"color","label":"Arrow icon color","id":"select-arrow-color"},{"type":"heading","content":"Checkbox & Radio button"},{"type":"color","label":"Icon color","id":"checkRadio-color"},{"type":"color","label":"Background color","id":"checkRadio-backgroundColor"},{"type":"color","label":"Border color","id":"checkRadio-borderColor"}]},{"name":"Category Page","settings":[{"type":"select","label":"Number of products per page","id":"categorypage_products_per_page","force_reload":true,"options":[{"value":0,"label":"Disable"},{"value":6,"label":"6"},{"value":8,"label":"8"},{"value":9,"label":"9"},{"value":12,"label":"12"},{"value":15,"label":"15"},{"value":16,"label":"16"},{"value":18,"label":"18"},{"value":20,"label":"20"}]},{"type":"heading","content":"Pagination"},{"type":"color","label":"Pagination Background","id":"pagination_bg"},{"type":"color","label":"Pagination Link","id":"pagination_text"},{"type":"color","label":"Pagination hover Background","id":"pagination_bg_hover"},{"type":"color","label":"Pagination hover Text","id":"pagination_text_hover"},{"type":"color","label":"Pagination Active Background","id":"pagination_act"},{"type":"color","label":"Pagination Active Text","id":"pagination_act_text"}]},{"name":"Product Page","settings":[{"type":"color","label":"Cart button","id":"pro-view-cart"},{"type":"color","label":"Cart button text","id":"pro-view-cart-text"},{"type":"color","label":"Tabs Text","id":"tabs-text"},{"type":"color","label":"Active Tabs Text","id":"tabs-act"},{"type":"color","label":"Active Tabs border","id":"tabs-act-border"},{"type":"select","label":"Number of Product Reviews","id":"productpage_reviews_count","force_reload":true,"options":[{"value":0,"label":"Disable"},{"value":1,"label":"1"},{"value":2,"label":"2"},{"value":3,"label":"3"},{"value":4,"label":"4"},{"value":5,"label":"5"},{"value":6,"label":"6"},{"value":7,"label":"7"},{"value":8,"label":"8"},{"value":9,"label":"9"},{"value":10,"label":"10"},{"value":11,"label":"11"},{"value":12,"label":"12"}]},{"type":"select","label":"Number of Related Products","id":"productpage_related_products_count","force_reload":true,"options":[{"value":0,"label":"Disable"},{"value":1,"label":"1"},{"value":2,"label":"2"},{"value":3,"label":"3"},{"value":4,"label":"4"},{"value":5,"label":"5"},{"value":6,"label":"6"},{"value":7,"label":"7"},{"value":8,"label":"8"},{"value":9,"label":"9"},{"value":10,"label":"10"},{"value":11,"label":"11"},{"value":12,"label":"12"}]},{"type":"select","label":"Number of Customers Also Viewed Products","id":"productpage_similar_by_views_count","force_reload":true,"options":[{"value":0,"label":"Disable"},{"value":1,"label":"1"},{"value":2,"label":"2"},{"value":3,"label":"3"},{"value":4,"label":"4"},{"value":5,"label":"5"},{"value":6,"label":"6"},{"value":7,"label":"7"},{"value":8,"label":"8"},{"value":9,"label":"9"},{"value":10,"label":"10"},{"value":11,"label":"11"},{"value":12,"label":"12"}]}]},{"name":"Brands","settings":[{"type":"heading","content":"Brand pages"},{"type":"select","label":"Number of products per page","id":"brandpage_products_per_page","force_reload":true,"options":[{"value":0,"label":"Disable"},{"value":6,"label":"6"},{"value":8,"label":"8"},{"value":9,"label":"9"},{"value":12,"label":"12"},{"value":15,"label":"15"},{"value":16,"label":"16"},{"value":18,"label":"18"},{"value":20,"label":"20"}]}]},{"name":"Account","settings":[{"type":"heading","content":"Orders"},{"type":"color","label":"Active Menu","id":"active-account-menu"},{"type":"color","label":"Active Menu Border","id":"active-account-menu-border"},{"type":"color","label":"Order Status Background","id":"order-status"}]},{"name":"Search Results","settings":[{"type":"select","label":"Number of products per page","id":"searchpage_products_per_page","force_reload":true,"options":[{"value":0,"label":"Disable"},{"value":6,"label":"6"},{"value":8,"label":"8"},{"value":9,"label":"9"},{"value":12,"label":"12"},{"value":15,"label":"15"},{"value":16,"label":"16"},{"value":18,"label":"18"},{"value":20,"label":"20"}]}]},{"name":"Footer","settings":[{"type":"color","label":"Background color","id":"footer-backgroundColor"},{"type":"color","label":"Footer Heading","id":"footer-heading"},{"type":"color","label":"Footer text","id":"footer-txt"},{"type":"color","label":"Link color","id":"footer-link"},{"type":"heading","content":"Bottom Services"},{"type":"color","label":"Background color","id":"bottom-service-bg"},{"type":"color","label":"Text color","id":"bottom-service-txt"},{"type":"color","label":"Icons color","id":"bottom-service-icons"},{"type":"heading","content":"Newsletter"},{"type":"color","label":"Input box background","id":"subscribe-input-bg"},{"type":"color","label":"Subscribe button","id":"subscribe-btn-bg"},{"type":"color","label":"Subscribe button text","id":"subscribe-btn-txt"},{"type":"heading","content":"Payment Icons"},{"type":"checkbox","label":"American Express","force_reload":true,"id":"show_accept_amex"},{"type":"checkbox","label":"Discover","force_reload":true,"id":"show_accept_discover"},{"type":"checkbox","label":"Mastercard","force_reload":true,"id":"show_accept_mastercard"},{"type":"checkbox","label":"Paypal","force_reload":true,"id":"show_accept_paypal"},{"type":"checkbox","label":"Visa","force_reload":true,"id":"show_accept_visa"},{"type":"checkbox","label":"Show Powered By","force_reload":true,"id":"show_powered_by"}]}]