{"components/category/sidebar":"<nav>\r\n    {{#if category.subcategories}}\r\n    <div class=\"sidebarBlock\">\r\n        <h5 class=\"sidebarBlock-heading\">{{category.name}}</h5>\r\n        <ul class=\"navList sidebar\">\r\n            {{#each category.subcategories}}\r\n            <li class=\"navList-item\">\r\n                <a class=\"navList-action\" href=\"{{url}}\" alt=\"{{name}}\">{{name}}</a>\r\n            </li>\r\n            {{/each}}\r\n        </ul>\r\n    </div>\r\n    {{/if}}\r\n\t\r\n\r\n\r\n    {{#if category.faceted_search_enabled}}\r\n        {{> components/faceted-search/index category}}\r\n    {{else}}\r\n        {{> components/category/shop-by-price shop_by_price=category.shop_by_price category_url=category.url}}\r\n    {{/if}}\r\n</nav>\r\n","components/faceted-search/index":"<div id=\"facetedSearch\" class=\"facetedSearch sidebarBlock\">\r\n    {{> components/faceted-search/selected-facets this.selected}}\r\n\r\n    <a href=\"#facetedSearch-navList\" role=\"button\" class=\"facetedSearch-toggle toggleLink\" data-collapsible>\r\n        <span class=\"facetedSearch-toggle-text\">\r\n            {{#if facets.length '>' 2}}\r\n                {{lang 'search.faceted.browse-by'}} {{ join (pluck facets 'title') ', ' limit=2 }} &amp; {{ toLowerCase (lang 'search.faceted.more') }}\r\n            {{/if}}\r\n\r\n            {{#if facets.length '<=' 2}}\r\n                {{lang 'search.faceted.browse-by'}} {{ join (pluck facets 'title') ', ' lastSeparator=' & ' }}\r\n            {{/if}}\r\n        </span>\r\n\r\n        <span class=\"facetedSearch-toggle-indicator\">\r\n            <span class=\"toggleLink-text toggleLink-text--on\">\r\n                {{lang 'search.faceted.hide-filters'}}\r\n\r\n                <i class=\"icon\" aria-hidden=\"true\">\r\n                    <svg><use xlink:href=\"#icon-keyboard-arrow-up\"/></svg>\r\n                </i>\r\n            </span>\r\n\r\n            <span class=\"toggleLink-text toggleLink-text--off\">\r\n                {{lang 'search.faceted.show-filters'}}\r\n\r\n                <i class=\"icon\" aria-hidden=\"true\">\r\n                    <svg><use xlink:href=\"#icon-keyboard-arrow-down\"/></svg>\r\n                </i>\r\n            </span>\r\n        </span>\r\n    </a>\r\n\r\n    {{#any facets visible=true}}\r\n        <div\r\n            id=\"facetedSearch-navList\"\r\n            class=\"facetedSearch-navList blocker-container\">\r\n            <div class=\"accordion accordion--navList\">\r\n                {{#each facets}}\r\n                    {{#if visible}}\r\n                        {{{dynamicComponent 'components/faceted-search/facets'}}}\r\n                    {{/if}}\r\n                {{/each}}\r\n            </div>\r\n\r\n            <div class=\"blocker\" style=\"display: none;\"></div>\r\n        </div>\r\n    {{/any}}\r\n</div>\r\n","components/category/shop-by-price":"{{#if shop_by_price}}\r\n    <div class=\"sidebarBlock\">\r\n        <h5 class=\"sidebarBlock-heading\">{{lang 'category.shop_by_price'}}</h5>\r\n        <ul class=\"navList\">\r\n            {{#each shop_by_price}}\r\n            <li class=\"navList-item\">\r\n                <a class=\"navList-action {{#if selected }} is-active {{/if}}\" href=\"{{url}}\" alt=\"{{low.formatted}} - {{high.formatted}}\">{{low.formatted}} - {{high.formatted}}</a>\r\n            </li>\r\n            {{/each}}\r\n\r\n            {{#any shop_by_price selected=true}}\r\n                <li class=\"navList-item\">\r\n                    <a href=\"{{category_url}}\" class=\"navList-action\">\r\n                        {{lang 'category.reset'}}\r\n                    </a>\r\n                </li>\r\n            {{/any}}\r\n        </ul>\r\n    </div>\r\n{{/if}}\r\n","components/faceted-search/selected-facets":"<div class=\"facetedSearch-refineFilters\">\r\n    <h5 class=\"sidebarBlock-heading\">\r\n        {{lang 'search.faceted.selected.title'}}\r\n    </h5>\r\n\r\n    {{#if this.items}}\r\n        <ul class=\"inlineList inlineList--labels\">\r\n            {{#each this.items}}\r\n                <li>\r\n                    <a\r\n                        href=\"{{ url }}\"\r\n                        class=\"facetLabel\"\r\n                        data-faceted-search-facet>\r\n                        {{#if facet '===' 'rating'}}\r\n                            {{lang 'search.faceted.selected.rating-label' rating=title}}\r\n                        {{else}}\r\n                            {{ title }}\r\n                        {{/if}}\r\n\r\n                        <svg class=\"icon\">\r\n                            <use xlink:href=\"#icon-close\" />\r\n                        </svg>\r\n                    </a>\r\n                </li>\r\n            {{/each}}\r\n        </ul>\r\n    {{else}}\r\n       <div class=\"no-filters\"> {{lang 'search.faceted.selected.no-filters'}} </div>\r\n    {{/if}}\r\n\r\n    {{#if remove_all_url}}\r\n        <a href=\"{{ remove_all_url }}\" data-faceted-search-facet>\r\n            {{lang 'search.faceted.selected.clear-all'}}\r\n        </a>\r\n    {{/if}}\r\n</div>\r\n","components/faceted-search/facets/hierarchy":"{{#if items}}\r\n<div class=\"accordion-block\">\r\n    <div\r\n        class=\"accordion-navigation toggleLink {{#unless ../start_collapsed }} is-open {{/unless}}\"\r\n        role=\"button\"\r\n        data-collapsible=\"#facetedSearch-content--{{ facet }}\">\r\n        <h5 class=\"accordion-title\">\r\n            {{ title }}\r\n        </h5>\r\n\r\n        <div class=\"accordion-navigation-actions\">\r\n            {{#if selected}}\r\n                <a href=\"{{ remove_url }}\" class=\"facetedSearch-clearLink\" data-faceted-search-facet>{{lang 'search.faceted.clear'}}</a>\r\n            {{/if}}\r\n            <svg class=\"icon accordion-indicator toggleLink-text toggleLink-text--off\">\r\n                <use xlink:href=\"#icon-add\" />\r\n            </svg>\r\n            <svg class=\"icon accordion-indicator toggleLink-text toggleLink-text--on\">\r\n                <use xlink:href=\"#icon-remove\" />\r\n            </svg>\r\n        </div>\r\n    </div>\r\n\r\n    <div id=\"facetedSearch-content--{{ facet }}\" class=\"accordion-content {{#unless ../start_collapsed }} is-open {{/unless}}\">\r\n        <ul class=\"navList\">\r\n            {{#each items}}\r\n                <li class=\"navList-item\">\r\n                    <a\r\n                        href=\"{{url}}\"\r\n                        class=\"navList-action navList-action--checkbox {{#if selected }} is-selected {{/if}} {{#if has_sub_categories }} has-children {{/if}}\"\r\n                        data-id=\"{{ id }}\"\r\n                        data-faceted-search-facet>\r\n                        {{ title }}\r\n                        {{#if ../show_product_counts}}\r\n                            {{#if count}}\r\n                                <span>({{ count }})</span>\r\n                            {{/if}}\r\n                        {{/if}}\r\n                    </a>\r\n                    {{#if children}}\r\n                        {{> components/faceted-search/facets/hierarchy-children children}}\r\n                    {{/if}}\r\n                </li>\r\n            {{/each}}\r\n        </ul>\r\n\r\n        {{#if show_more_toggle}}\r\n            <a href=\"#facetedSearch-navList--{{ facet }}\" role=\"button\" class=\"toggleLink\">\r\n                <span class=\"toggleLink-text toggleLink-text--on\">{{lang 'search.faceted.show-less'}}</span>\r\n                <span class=\"toggleLink-text toggleLink-text--off\">{{lang 'search.faceted.show-more'}}</span>\r\n            </a>\r\n        {{/if}}\r\n    </div>\r\n</div>\r\n{{/if}}\r\n","components/faceted-search/facets/multi":"{{#if items}}\r\n<div class=\"accordion-block\">\r\n    <div\r\n        class=\"accordion-navigation toggleLink {{#unless ../start_collapsed }} is-open {{/unless}}\"\r\n        role=\"button\"\r\n        data-collapsible=\"#facetedSearch-content--{{ facet }}\">\r\n        <h5 class=\"accordion-title\">\r\n            {{ title }}\r\n        </h5>\r\n\r\n        <div class=\"accordion-navigation-actions\">\r\n            {{#if selected}}\r\n                <a href=\"{{ remove_url }}\" class=\"facetedSearch-clearLink\" data-faceted-search-facet>{{lang 'search.faceted.clear'}}</a>\r\n            {{/if}}\r\n            <svg class=\"icon accordion-indicator toggleLink-text toggleLink-text--off\">\r\n                <use xlink:href=\"#icon-add\" />\r\n            </svg>\r\n            <svg class=\"icon accordion-indicator toggleLink-text toggleLink-text--on\">\r\n                <use xlink:href=\"#icon-remove\" />\r\n            </svg>\r\n        </div>\r\n    </div>\r\n\r\n    <div id=\"facetedSearch-content--{{ facet }}\" class=\"accordion-content {{#unless ../start_collapsed }} is-open {{/unless}}\">\r\n        <ul id=\"facetedSearch-navList--{{ facet }}\" class=\"navList\" data-count=\"{{ items_count }}\">\r\n            {{#each items}}\r\n                <li class=\"navList-item\">\r\n                    <a\r\n                        href=\"{{ url }}\"\r\n                        class=\"navList-action navList-action--checkbox {{#if selected }} is-selected {{/if}}\"\r\n                        data-faceted-search-facet>\r\n                        {{ title }}\r\n                        {{#if ../show_product_counts}}\r\n                            <span>({{ count }})</span>\r\n                        {{/if}}\r\n\r\n                        <span class=\"navList-action-close\" aria-hidden=\"true\">\r\n                            <svg class=\"icon\">\r\n                                <use xlink:href=\"#icon-close\"/>\r\n                            </svg>\r\n                        </span>\r\n                    </a>\r\n                </li>\r\n            {{/each}}\r\n        </ul>\r\n\r\n        {{#if show_more_toggle}}\r\n            <a href=\"#facetedSearch-navList--{{ facet }}\" role=\"button\" class=\"toggleLink\">\r\n                <span class=\"toggleLink-text toggleLink-text--on\">{{lang 'search.faceted.show-less'}}</span>\r\n                <span class=\"toggleLink-text toggleLink-text--off\">{{lang 'search.faceted.show-more'}}</span>\r\n            </a>\r\n        {{/if}}\r\n    </div>\r\n</div>\r\n{{/if}}\r\n","components/faceted-search/facets/range":"<div class=\"accordion-block\">\r\n    <div\r\n        class=\"accordion-navigation toggleLink {{#unless ../start_collapsed }} is-open {{/unless}}\"\r\n        role=\"button\"\r\n        data-collapsible=\"#facetedSearch-content--{{ facet }}\">\r\n        <h5 class=\"accordion-title\">\r\n            {{ title }}\r\n        </h5>\r\n\r\n        <div class=\"accordion-navigation-actions\">\r\n            {{#if selected}}\r\n                <a href=\"{{ remove_url }}\" class=\"facetedSearch-clearLink\" data-faceted-search-facet>{{lang 'search.faceted.clear'}}</a>\r\n            {{/if}}\r\n            <svg class=\"icon accordion-indicator toggleLink-text toggleLink-text--off\">\r\n                <use xlink:href=\"#icon-add\" />\r\n            </svg>\r\n            <svg class=\"icon accordion-indicator toggleLink-text toggleLink-text--on\">\r\n                <use xlink:href=\"#icon-remove\" />\r\n            </svg>\r\n        </div>\r\n    </div>\r\n\r\n    <div id=\"facetedSearch-content--{{ facet }}\" class=\"accordion-content {{#unless ../start_collapsed }} is-open {{/unless}}\">\r\n        <form id=\"facet-range-form\" class=\"form\" method=\"get\" data-faceted-search-range novalidate>\r\n            {{#each current_selected_items}}\r\n                <input type=\"hidden\" name=\"{{ param_name }}[]\" value=\"{{ param_value }}\"/>\r\n            {{/each}}\r\n            <input type=\"hidden\" name=\"search_query\" value=\"{{search_query}}\">\r\n            {{#if sort}}\r\n                <input type=\"hidden\" name=\"sort\" value=\"{{sort}}\">\r\n            {{/if}}\r\n            <fieldset class=\"form-fieldset\">\r\n                <div class=\"form-minMaxRow\">\r\n                    <div class=\"form-field\">\r\n                        <input\r\n                            name=\"min_price\"\r\n                            placeholder=\"{{lang 'search.faceted.range.min-placeholder'}}\"\r\n                            min=\"0\"\r\n                            class=\"form-input form-input--small\"\r\n                            required\r\n                            type=\"number\"\r\n                            value=\"{{ min_price }}\"\r\n                        />\r\n                    </div>\r\n\r\n                    <div class=\"form-field\">\r\n                        <input\r\n                            name=\"max_price\"\r\n                            placeholder=\"{{lang 'search.faceted.range.max-placeholder'}}\"\r\n                            min=\"0\"\r\n                            class=\"form-input form-input--small\"\r\n                            required\r\n                            type=\"number\"\r\n                            value=\"{{ max_price }}\"\r\n                        />\r\n                    </div>\r\n\r\n                    <div class=\"form-field\">\r\n                        <button class=\"button button--small\" type=\"submit\">\r\n                            {{lang 'search.faceted.range.update'}}\r\n                        </button>\r\n                    </div>\r\n                </div>\r\n\r\n                <div class=\"form-inlineMessage\"></div>\r\n            </fieldset>\r\n        </form>\r\n    </div>\r\n</div>\r\n","components/faceted-search/facets/rating":"{{#if items}}\r\n<div class=\"accordion-block\">\r\n    <div\r\n        class=\"accordion-navigation toggleLink {{#unless ../start_collapsed }} is-open {{/unless}}\"\r\n        role=\"button\"\r\n        data-collapsible=\"#facetedSearch-content--{{ facet }}\">\r\n        <h5 class=\"accordion-title\">\r\n            {{ title }}\r\n        </h5>\r\n\r\n        <div class=\"accordion-navigation-actions\">\r\n            {{#if selected}}\r\n                <a href=\"{{ remove_url }}\" class=\"facetedSearch-clearLink\" data-faceted-search-facet>{{lang 'search.faceted.clear'}}</a>\r\n            {{/if}}\r\n            <svg class=\"icon accordion-indicator toggleLink-text toggleLink-text--off\">\r\n                <use xlink:href=\"#icon-add\" />\r\n            </svg>\r\n            <svg class=\"icon accordion-indicator toggleLink-text toggleLink-text--on\">\r\n                <use xlink:href=\"#icon-remove\" />\r\n            </svg>\r\n        </div>\r\n    </div>\r\n\r\n    <div id=\"facetedSearch-content--{{ facet }}\" class=\"accordion-content {{#unless ../start_collapsed }} is-open {{/unless}}\">\r\n        <ul class=\"navList\">\r\n            {{#each items}}\r\n                <li class=\"navList-item\">\r\n                    <a href=\"{{ url }}\" class=\"navList-action navList-action--checkbox {{#if selected }} is-selected {{/if}}\" data-faceted-search-facet>\r\n                        <span class=\"rating--small\">\r\n                            {{> components/products/ratings rating=title}}\r\n                        </span>\r\n                        {{lang 'search.faceted.rating.and-up'}}\r\n                        {{#if ../show_product_counts}}\r\n                            <span>({{ count }})</span>\r\n                        {{/if}}\r\n                    </a>\r\n                </li>\r\n            {{/each}}\r\n        </ul>\r\n    </div>\r\n</div>\r\n{{/if}}\r\n","components/faceted-search/facets/hierarchy-children":"<ul class=\"navList navList--inner\">\r\n    {{#each this}}\r\n        <li class=\"navList-item\">\r\n            <a\r\n            href=\"{{url}}\"\r\n            class=\"navList-action navList-action--checkbox {{#if selected }} is-selected {{/if}} {{#if has_sub_categories }} has-children {{/if}}\"\r\n            data-id=\"{{ id }}\"\r\n            data-faceted-search-facet>\r\n                {{title}}\r\n                {{#if ../show_product_counts}}\r\n                    {{#if count}}\r\n                        <span>({{count}})</span>\r\n                    {{/if}}\r\n                {{/if}}\r\n            </a>\r\n            {{#if children}}\r\n                {{> components/faceted-search/facets/hierarchy-children children}}\r\n            {{/if}}\r\n        </li>\r\n    {{/each}}\r\n</ul>\r\n","components/products/ratings":"{{#for 1 5}}\r\n    {{#if ../this.rating '>=' $index}}\r\n        <span class=\"icon icon--ratingFull\">\r\n            <svg>\r\n                <use xlink:href=\"#icon-star\" />\r\n            </svg>\r\n        </span>\r\n    {{else}}\r\n        <span class=\"icon icon--ratingEmpty\">\r\n            <svg>\r\n                <use xlink:href=\"#icon-star\" />\r\n            </svg>\r\n        </span>\r\n    {{/if}}\r\n{{/for}}\r\n{{{snippet 'product_rating'}}}\r\n"}