{"components/products/tabs":"\r\n\r\n\r\n\r\n{{#if product.related_products}}\r\n<div class=\"best-seller\">\r\n<div class=\"home-block-inner\">\r\n<h2 class=\"page-heading\">{{lang 'products.related_products'}} <span>Products</span></h2>\r\n</div>\r\n<div class=\"block-content\">{{> components/products/carousel products=product.related_products columns=4}}</div>\r\n</div>\r\n{{/if}}\r\n\r\n{{#if product.similar_by_views}}\r\n<div class=\"featured-products\">\r\n<div class=\"home-block-inner\">\r\n<h2 class=\"page-heading\">{{lang 'products.similar_by_views'}} <span>Also viewed</span> </h2>\r\n</div>\r\n<div class=\"block-content\"> {{> components/products/carousel products=product.similar_by_views columns=4}}</div>\r\n</div>\r\n{{/if}}\r\n\r\n\r\n\r\n\r\n","components/products/carousel":"<section class=\"productCarousel\"\r\n    data-slick='{\r\n        \"dots\": false,\r\n        \"infinite\": false,\r\n        \"mobileFirst\": true,\r\n        \"slidesToShow\": 1,\r\n        \"slidesToScroll\": 1,\r\n        \"responsive\": [\r\n            {\r\n                \"breakpoint\": 1260,\r\n                \"settings\": {\r\n                    \"slidesToScroll\": 3,\r\n                    \"slidesToShow\": {{ columns }}\r\n                }\r\n            },\r\n            {\r\n                \"breakpoint\": 800,\r\n                \"settings\": {\r\n                    \"slidesToScroll\": 3,\r\n                    \"slidesToShow\": 3\r\n                }\r\n            },\r\n            {\r\n                \"breakpoint\": 550,\r\n                \"settings\": {\r\n                    \"slidesToScroll\": 2,\r\n                    \"slidesToShow\": 2\r\n                }\r\n            }\r\n        ]\r\n    }'\r\n>\r\n    {{#each products}}\r\n    <div class=\"productCarousel-slide\">\r\n        {{> components/products/card theme_settings=../theme_settings}}\r\n    </div>\r\n    {{/each}}\r\n\t\r\n\r\n</section>\r\n","components/products/card":"<article class=\"card {{#if alternate}}card--alternate{{/if}}\">\r\n    <figure class=\"card-figure\">\r\n        <a href=\"{{url}}\">\r\n            <img class=\"card-image\" src=\"{{getImage image 'product' (cdn theme_settings.default_image_product)}}\" alt=\"{{image.alt}}\">\r\n        </a>\r\n        <figcaption class=\"card-figcaption\">\r\n            <div class=\"card-figcaption-body\">\r\n                <div class=\"box-hover\">\r\n                {{#unless hide_product_quick_view}}\r\n                    {{#if theme_settings.show_product_quick_view}}\r\n                        <a href=\"#\" class=\"quickview\" data-product-id=\"{{id}}\">{{lang 'products.quick_view'}}</a>\r\n                    {{/if}}\r\n                {{/unless}}\r\n               \r\n                    <label class=\"compare\" for=\"compare-{{id}}\">\r\n                        {{lang 'products.compare'}} <input type=\"checkbox\" name=\"products[]\" value=\"{{id}}\" id=\"compare-{{id}}\" data-compare-id=\"{{id}}\">\r\n                    </label>\r\n\r\n                    <a href=\"/wishlist.php?action=add&product_id={{id}}\" class=\"wishlist\">Wishlist</a>\r\n                </div>\r\n               \r\n\r\n                \r\n            </div>\r\n        </figcaption>\r\n    </figure>\r\n    <div class=\"card-body\">\r\n      \r\n        {{#if brand.name}}\r\n            <p class=\"card-text\" data-test-info-type=\"brandName\">{{brand.name}}</p>\r\n        {{/if}}\r\n        <h4 class=\"card-title\">\r\n            <a href=\"{{url}}\">{{name}}</a>\r\n        </h4>\r\n        \r\n            <p class=\"card-text\" data-test-info-type=\"productRating\">\r\n                <span class=\"rating--small\">\r\n                    {{> components/products/ratings rating=rating}}\r\n                </span>\r\n            </p>\r\n        \r\n        <div class=\"card-text\" data-test-info-type=\"price\">\r\n            {{> components/products/price price=price}}\r\n        </div>\r\n\r\n        {{#if show_cart_action}}\r\n                    {{#if has_options}}\r\n                        <a href=\"{{url}}\" class=\"button button--small card-figcaption-button cart-btn\" data-product-id=\"{{id}}\">{{lang 'products.choose_options'}}</a>\r\n                    {{/if}}\r\n                    {{#if pre_order}}\r\n                        <a href=\"{{url}}\" class=\"button button--small card-figcaption-button cart-btn\">{{lang 'products.pre_order'}}</a>\r\n                    {{/if}}\r\n                    {{#if add_to_cart_url }}\r\n                        <a href=\"{{add_to_cart_url}}\" class=\"button button--small card-figcaption-button cart-btn\">{{lang 'products.add_to_cart'}}</a>\r\n                    {{/if}}\r\n                    {{#if out_of_stock_message }}\r\n                        <a href=\"{{url}}\" class=\"button button--small card-figcaption-button cart-btn\" data-product-id=\"{{id}}\">{{out_of_stock_message}}</a>\r\n                    {{/if}}\r\n                {{/if}}\r\n    </div>\r\n</article>\r\n\r\n<script>\r\n function truncText (text, maxLength, ellipseText){\r\n        ellipseText = ellipseText || '&hellip;';\r\n       \r\n        if (text.length < maxLength) \r\n            return text;\r\n\r\n        //Find the last piece of string that contain a series of not A-Za-z0-9_ followed by A-Za-z0-9_ starting from maxLength\r\n        var m = text.substr(0, maxLength).match(/([^A-Za-z0-9_]*)[A-Za-z0-9_]*$/);\r\n        if(!m) return ellipseText;\r\n        \r\n        //Position of last output character\r\n        var lastCharPosition = maxLength-m[0].length;\r\n        \r\n        //If it is a space or \"[\" or \"(\" or \"{\" then stop one before. \r\n        if(/[\\s\\(\\[\\{]/.test(text[lastCharPosition])) lastCharPosition--;\r\n        \r\n        //Make sure we do not just return a letter..\r\n        return (lastCharPosition ? text.substr(0, lastCharPosition+1) : '') + ellipseText;\r\n      \r\n}\r\n</script>\r\n","components/products/price":"{{#if price.with_tax}}\r\n    <div class=\"price-section price-section--withTax\" {{#if schema_org}}itemprop=\"offers\" itemscope itemtype=\"http://schema.org/Offer\"{{/if}}>\r\n        {{#if price.rrp_with_tax}}\r\n            <span data-product-rrp-with-tax class=\"price price--rrp\">{{price.rrp_with_tax.formatted}}</span>\r\n        {{/if}}\r\n        <span data-product-price-with-tax class=\"price\">{{price.with_tax.formatted}}</span>\r\n        {{#if price.without_tax}}\r\n            {{lang 'products.price_with_tax' tax_label=price.tax_label}}\r\n        {{/if}}\r\n    </div>\r\n{{/if}}\r\n\r\n{{#if price.without_tax}}\r\n    <div class=\"price-section price-section--withoutTax {{#if price.with_tax}}price-section--minor{{/if}}\"  {{#if schema_org}}itemprop=\"offers\" itemscope itemtype=\"http://schema.org/Offer\"{{/if}}>\r\n        {{#if price.rrp_without_tax}}\r\n            <span data-product-rrp-without-tax class=\"price price--rrp\">{{price.rrp_without_tax.formatted}}</span>\r\n        {{/if}}\r\n        {{#if schema_org}}\r\n            <meta itemprop=\"price\" content=\"{{price.without_tax.value}}\">\r\n            <meta itemprop=\"priceCurrency\" content=\"{{currency_selector.active_currency_code}}\">\r\n        {{/if}}\r\n        <span data-product-price-without-tax class=\"price price--withoutTax\">{{price.without_tax.formatted}}</span>\r\n        {{#if price.with_tax}}\r\n            <abbr title=\"{{lang 'products.excluding_tax'}}\">{{lang 'products.price_without_tax' tax_label=price.tax_label}}</abbr>\r\n        {{/if}}\r\n    </div>\r\n{{/if}}\r\n\r\n{{#if page_type '===' 'product'}}\r\n    {{#if price.saved}}\r\n        <div class=\"price-section price-section--saving\">\r\n            <span class=\"price\">\r\n                {{lang 'products.you_save' amount=price.saved.formatted}}\r\n            </span>\r\n        </div>\r\n    {{/if}}\r\n{{/if}}\r\n","components/products/ratings":"{{#for 1 5}}\r\n    {{#if ../this.rating '>=' $index}}\r\n        <span class=\"icon icon--ratingFull\">\r\n            <svg>\r\n                <use xlink:href=\"#icon-star\" />\r\n            </svg>\r\n        </span>\r\n    {{else}}\r\n        <span class=\"icon icon--ratingEmpty\">\r\n            <svg>\r\n                <use xlink:href=\"#icon-star\" />\r\n            </svg>\r\n        </span>\r\n    {{/if}}\r\n{{/for}}\r\n{{{snippet 'product_rating'}}}\r\n"}